PropensityModel,OutcomeModel,ATE,SE,CI Lower,CI Upper
logit,lin,1.8763945517071343,0.09128907873748726,1.6974679573816593,2.0553211460326093
logit,xgb,1.8719500977313195,0.060545191653085556,1.7532815220912719,1.990618673371367
xgb,lin,1.8720452409150719,0.05881878593911286,1.7567604204744107,1.987330061355733
xgb,xgb,1.871750402054289,0.06025550300732057,1.7536496161599406,1.9898511879486374
